timestamp,request_id,endpoint,status_code,latency_ms,phase,ground_truth_drift,adaptive_alert,fixed_alert,score,threshold,error
1772861851.088817,546b10aa126ac505088cde90,/predict,200,30.3463,normal,0,0,0,0.432001,0.880000,
1772861851.230475,f4ddf786e19fb55485760edc,/predict,200,171.7402,normal,0,1,1,0.980475,0.880000,
1772861851.230961,4cb112efb71571eb0af5f34d,/score,200,172.3918,normal,0,1,1,0.998106,0.880000,
1772861851.231168,4e5065e1d105cf3b1e79b7d5,/predict,200,172.5156,normal,0,0,0,0.432001,0.880000,
1772861851.231399,148d569bcc49648a4b8c6642,/detect_drift,200,172.5874,normal,0,0,0,0.432001,0.880000,
1772861851.259082,e0204cc1ad97ec184abbea22,/detect_drift,200,170.2412,normal,0,0,0,0.432001,0.880000,
1772861851.373963,aba84d1f9be3acea819ff1cc,/detect_drift,200,142.5543,normal,0,1,1,0.962919,0.880000,
1772861851.374491,2040153249b9e617bf76c5db,/score,200,143.5164,normal,0,1,1,0.997117,0.880000,
1772861851.374698,70497f72731a7dba3f71acbc,/score,200,143.5201,normal,0,1,1,0.995343,0.880000,
1772861851.374926,0492dc1eb54aabc1d08ac7a0,/score,200,144.4297,normal,0,0,0,0.432001,0.880000,
1772861851.430721,13b2c8857a58d1be02a9f86f,/predict,200,171.6135,normal,0,0,0,0.432001,0.880000,
1772861851.545441,bde0801364f9b261aa347ded,/detect_drift,200,171.4534,normal,0,1,1,0.994423,0.880000,
1772861851.545952,65af165d6f02ff851f944f61,/score,200,171.4486,normal,0,0,0,0.432001,0.880000,
1772861851.546145,bc8371419350ba85beb7284e,/predict,200,171.4367,normal,0,0,0,0.432001,0.880000,
1772861851.546361,bd89d1358d10057f6b1e9203,/score,200,171.4247,normal,0,1,1,0.994179,0.880000,
1772861851.602424,e735c28fc8cee1b113acfb52,/predict,200,171.6836,normal,0,0,0,0.432001,0.880000,
1772861851.716422,46e2c117474a65d1f80d8cb1,/predict,200,170.9552,normal,0,0,0,0.432001,0.880000,
1772861851.716909,a998ae72f3ca4f339cddfb7a,/predict,200,170.9463,normal,0,0,0,0.432001,0.880000,
1772861851.717118,f510a84e87ba5372609243da,/score,200,170.9641,normal,0,1,1,0.981996,0.880000,
1772861851.717350,68d1817796d575297082f646,/score,200,170.9803,normal,0,0,0,0.432001,0.880000,
1772861851.773742,3ede9544b87c59ddb248f0c9,/detect_drift,200,171.2999,normal,0,1,1,0.977156,0.880000,
1772861851.888702,1b0f8d9c1efa46a88f37b236,/predict,200,172.2610,normal,0,0,0,0.432001,0.880000,
1772861851.889244,5dd92c58ed97c782e480b934,/score,200,172.3219,normal,0,1,1,0.973345,0.880000,
1772861851.889459,dd7e62817475c71a8910740d,/predict,200,172.3318,normal,0,0,0,0.432001,0.880000,
1772861851.889695,61705a3915f3adb796f63d4f,/score,200,172.3360,normal,0,0,0,0.432001,0.880000,
1772861851.946352,e1db2c443c016c9123bcef21,/predict,200,172.5876,normal,0,1,1,0.977249,0.880000,
1772861852.061717,628dba605af281f4abdba57a,/score,200,172.9880,normal,0,0,0,0.432001,0.880000,
1772861852.061941,011b592e388b1f43c83cad20,/score,200,172.6856,normal,0,0,0,0.432001,0.880000,
1772861852.062355,f475378e74a243aa6e4f74c2,/score,200,172.8857,normal,0,1,1,0.981868,0.880000,
1772861852.062583,acd655679eb219c9af81d6fc,/detect_drift,200,172.8795,normal,0,0,0,0.432001,0.880000,
1772861852.119653,ae42c939cf03e7c90261837d,/predict,200,173.2822,normal,0,1,1,0.962622,0.880000,
1772861852.235675,66815fbb6000353eba27a152,/score,200,173.9356,normal,0,0,0,0.432001,0.880000,
1772861852.236188,e5fd78fc4018d7edc60a7ac4,/detect_drift,200,174.2358,normal,0,0,0,0.432001,0.880000,
1772861852.236390,e7b6ce940e8388b03bc38f44,/predict,200,174.0240,normal,0,1,1,0.963494,0.880000,
1772861852.236612,e7d0a91febc2aa7f7b54d817,/score,200,174.0188,normal,0,0,0,0.432001,0.880000,
1772861852.293627,02fcb87b6ffa951f528a80d3,/detect_drift,200,173.9497,normal,0,0,0,0.432001,0.880000,
1772861852.409124,b62c89233745be0e8091efef,/predict,200,173.4258,normal,0,1,1,0.991017,0.880000,
1772861852.409352,31402b2fd85a56dbbadcbe33,/predict,200,173.1523,normal,0,0,0,0.432001,0.880000,
1772861852.409750,94157344cf121866f3ce2429,/predict,200,173.3498,normal,0,0,0,0.432001,0.880000,
1772861852.410007,96202d2b27298a664a335d3b,/score,200,173.3846,normal,0,0,0,0.432001,0.880000,
1772861852.465813,fd83a500b1fa27cf30616303,/predict,200,172.1596,normal,0,0,0,0.432001,0.880000,
1772861852.580552,0f6ec6eda9457c1f02bfecae,/detect_drift,200,171.4015,normal,0,0,0,0.432001,0.880000,
1772861852.581124,c66e1373b91efd3fbd6642c4,/predict,200,171.7604,normal,0,1,1,0.978533,0.880000,
1772861852.581343,ea65c61c04edd56bedc820b2,/score,200,171.5812,normal,0,1,1,0.962623,0.880000,
1772861852.581561,78acf1fc30c03d88f72c00ef,/predict,200,171.5440,normal,0,0,0,0.432001,0.880000,
1772861852.637828,ddeb4101bba22ed6e7ca3492,/score,200,171.9912,normal,0,0,0,0.432001,0.880000,
1772861852.754373,449d9f73cf03efec9f165c8e,/score,200,173.7958,normal,0,1,1,0.994574,0.880000,
1772861852.754879,4fa491ddac08aa7c0e03d355,/score,200,173.7425,normal,0,1,1,0.993254,0.880000,
1772861852.755073,50517f5f78106547b272fd3a,/predict,200,173.7204,normal,0,1,1,0.993289,0.880000,
1772861852.755287,51bf2e5aa8887f5cdeb14272,/predict,200,173.7170,normal,0,1,1,0.977063,0.880000,
1772861852.812165,b1731e6f2ea100422a5edd75,/score,200,174.3194,normal,0,1,1,0.964736,0.880000,
1772861852.928257,2d82096170d8dd271f334b2a,/predict,200,173.8596,normal,0,1,1,0.964198,0.880000,
1772861852.928913,49546dae72732edb3483a2d6,/detect_drift,200,174.0221,normal,0,1,1,0.965102,0.880000,
1772861852.929161,7be19d7a6d23eeadb4ac7999,/score,200,174.0784,normal,0,0,0,0.432001,0.880000,
1772861852.929404,2f3984e8170a2818d94f161b,/score,200,174.1082,normal,0,0,0,0.432001,0.880000,
1772861852.986485,5942d38491832405d52af96a,/score,200,174.2999,normal,0,0,0,0.432001,0.880000,
1772861853.103371,faf578a0bb32a8dd9b27720c,/score,200,175.0890,normal,0,0,0,0.432001,0.880000,
1772861853.103871,25105a7ae14fd58484281ae2,/score,200,174.9382,normal,0,1,1,0.992857,0.880000,
1772861853.104051,b422f43a07f4f9c71aa0f636,/score,200,174.8786,normal,0,0,0,0.432001,0.880000,
1772861853.104252,d4786a9a6b6e84b545655d59,/score,200,174.8372,normal,0,1,1,0.966722,0.880000,
1772861853.162128,e582d7f779af9939af6fca05,/score,200,175.6253,normal,0,0,0,0.432001,0.880000,
1772861853.278804,5192417a5803c626f8f7edfe,/detect_drift,200,175.4065,normal,0,1,1,0.990770,0.880000,
1772861853.279294,3031c9374421e5fc49ed852d,/predict,200,175.4111,normal,0,0,0,0.432001,0.880000,
1772861853.279498,8d80047ed9bef05fda2cb05e,/score,200,175.4369,normal,0,0,0,0.432001,0.880000,
1772861853.279717,878a3a59834588fb0d7548b0,/predict,200,175.4560,normal,0,0,0,0.432001,0.880000,
1772861853.338009,f3a3978bfcf156be5de0d0c8,/score,200,175.8595,normal,0,1,1,0.988362,0.880000,
1772861853.454475,9effb56858c1cf64fbfc5c34,/score,200,175.6469,normal,0,0,0,0.432001,0.880000,
1772861853.454711,29345b410029d31ec6a51fba,/score,200,175.4057,normal,0,0,0,0.432001,0.880000,
1772861853.455133,c6429295e1f7b82b329108a1,/predict,200,175.6254,normal,0,1,1,0.994767,0.880000,
1772861853.455371,6da0487c1b12e166de142077,/predict,200,175.6442,normal,0,0,0,0.432001,0.880000,
1772861853.513317,1f48db33918f3c5ad6753515,/predict,200,175.2842,normal,0,1,1,0.997145,0.880000,
1772861853.631073,7c73b00ecdfadd5b1eda09c1,/score,200,176.5728,normal,0,1,1,0.995665,0.880000,
1772861853.631705,7000c032de7bdef1fc601ae1,/score,200,176.9828,normal,0,1,1,0.996584,0.880000,
1772861853.631935,e4af1cd7406a32d5b5682b6c,/score,200,176.7909,normal,0,1,1,0.978727,0.880000,
1772861853.632172,d6eb98ff356669c314877bd5,/predict,200,176.7913,normal,0,1,1,0.979074,0.880000,
1772861853.689884,336dbee509c1d804640ca620,/predict,200,176.5423,normal,0,0,0,0.432001,0.880000,
1772861853.807555,aac4165fbbfa0b0006748e35,/detect_drift,200,176.4551,normal,0,0,0,0.432001,0.880000,
1772861853.807777,710975df2669e61196558980,/detect_drift,200,176.0548,normal,0,0,0,0.432001,0.880000,
1772861853.807984,07b55a0bd163a0a433fd1143,/score,200,176.0385,normal,0,1,1,0.966382,0.880000,
1772861853.808329,068a81abbaf16bb9ecca12fa,/predict,200,176.1461,normal,0,0,0,0.432001,0.880000,
1772861853.866659,170df3856a2e90e0a937ad9e,/score,200,176.7572,normal,0,0,0,0.432001,0.880000,
1772861853.985391,48361d3aacbc1907feb2372e,/detect_drift,200,177.8125,normal,0,1,1,0.964165,0.880000,
1772861853.985621,1772acdb63f80eaaf8e24434,/score,200,177.8329,normal,0,0,0,0.432001,0.880000,
1772861853.985813,f81dbeac6cb53a6c8c9cfa71,/predict,200,177.8193,normal,0,0,0,0.432001,0.880000,
1772861853.986179,000bb4650067ef62b5bc1331,/predict,200,177.8402,normal,0,1,1,0.968759,0.880000,
1772861854.044702,599d632411ed7103c4edb432,/predict,200,178.0130,normal,0,1,1,0.965934,0.880000,
1772861854.163680,5ae7afc1f75dfb20c9fa4361,/predict,200,178.2649,normal,0,1,1,0.967881,0.880000,
1772861854.163892,b6846900aecd21b6299b79ea,/predict,200,178.2598,normal,0,1,1,0.962777,0.880000,
1772861854.164077,0f43f2ff6c979c0fbc2c983f,/predict,200,178.2539,normal,0,0,0,0.432001,0.880000,
1772861854.164429,24711768ee321f12f66c09b9,/detect_drift,200,178.2400,normal,0,0,0,0.432001,0.880000,
1772861854.222985,de5bc678ac5b57eef1238b32,/predict,200,178.2631,normal,0,0,0,0.432001,0.880000,
1772861854.343207,bb57de687169772eb692cc55,/score,200,179.5065,normal,0,0,0,0.432001,0.880000,
1772861854.343475,125da1cf0fa2a996af8ad410,/score,200,179.5729,normal,0,1,1,0.984546,0.880000,
1772861854.343705,ea578a47a8d8d5dbfba50a24,/predict,200,179.6178,normal,0,1,1,0.978533,0.880000,
1772861854.344074,2daf4cace13395ae6d8944e7,/predict,200,179.6352,normal,0,0,0,0.432001,0.880000,
1772861854.403071,3ec1f88bec845a377d215aff,/predict,200,180.0669,normal,0,0,0,0.432001,0.880000,
1772861854.523514,9740835fee38129b5d447aa1,/score,200,180.2855,normal,0,0,0,0.432001,0.880000,
1772861854.523742,33976ab9e0741a622f958e05,/score,200,180.2517,normal,0,1,1,0.965037,0.880000,
1772861854.523948,bc5ab3e5b7e3fe0a27636d65,/predict,200,180.2313,normal,0,0,0,0.432001,0.880000,
1772861854.524310,35c30a9d26e586290788217c,/score,200,180.2245,normal,0,1,1,0.991211,0.880000,
1772861854.582689,854c1db9e8e1ae04fb21b6cc,/predict,200,179.5985,normal,0,0,0,0.432001,0.880000,
1772861854.700947,2285cefebbb42dcc541a55af,/predict,200,177.4069,normal,0,0,0,0.432001,0.880000,
1772861854.701146,942a880f0fb37a706efd5286,/score,200,177.3918,normal,0,0,0,0.432001,0.880000,
1772861854.701543,d03165286f6afd9fa8e638d9,/predict,200,177.5854,normal,0,1,1,0.989015,0.880000,
1772861854.701841,0fc4eafd422a12aa9c19187b,/score,200,177.5217,normal,0,1,1,0.981792,0.880000,
1772861854.760750,e3aff3d257cf8b3c74fc498a,/score,200,178.0367,normal,0,0,0,0.432001,0.880000,
1772861854.881543,0634bd8e20d54b64d0eca121,/detect_drift,200,180.5769,normal,0,1,1,0.997100,0.880000,
1772861854.881765,3b6ea1e731f421b33a22b59a,/detect_drift,200,180.6100,normal,0,0,0,0.432001,0.880000,
1772861854.881998,495327413cdda9cf731f5c12,/score,200,180.4425,normal,0,1,1,0.965054,0.880000,
1772861854.882437,5561241ca5786a8fa6a79b2e,/score,200,180.5769,normal,0,1,1,0.966820,0.880000,
1772861854.941437,cfa182d6dacaf2d391a795ab,/score,200,180.6636,normal,0,0,0,0.432001,0.880000,
1772861855.061500,2b1eb0f79ec69381d08ea6d5,/score,200,179.9327,normal,0,0,0,0.432001,0.880000,
1772861855.061728,d7da9d854a60d96bea06f054,/score,200,179.9522,normal,0,1,1,0.981167,0.880000,
1772861855.061939,bc12877dbbf8d3e1d366e2df,/detect_drift,200,179.9230,normal,0,0,0,0.432001,0.880000,
1772861855.062288,6385c8ee1c467b7f5c491ad8,/predict,200,179.8388,normal,0,0,0,0.432001,0.880000,
1772861855.121414,c5c681e4fe256c066fd48856,/detect_drift,200,179.9562,normal,0,0,0,0.432001,0.880000,
1772861855.242508,c4d0c15dd8950275e5163708,/score,200,180.9805,normal,0,0,0,0.432001,0.880000,
1772861855.242709,2f419f145afe97eef60f5caf,/predict,200,180.9693,normal,0,0,0,0.432001,0.880000,
1772861855.242886,9c7cba22ff2b5eef99f7f92d,/score,200,180.9382,normal,0,1,1,0.996681,0.880000,
1772861855.243205,8b2740c50f2e8dbee20b003c,/score,200,180.9068,normal,0,1,1,0.969961,0.880000,
1772861855.303577,87917f7f654c3f67bd8b3451,/score,200,182.1356,normal,0,1,1,0.980312,0.880000,
1772861855.425577,adf337217b246ade8fdc0a9c,/score,200,183.0451,normal,0,1,1,0.985867,0.880000,
1772861855.425855,c82757056d0e3b6d4fad9920,/score,200,183.1365,normal,0,1,1,0.964390,0.880000,
1772861855.426090,5eebfb4bfa7197320ae64589,/score,200,183.1936,normal,0,0,0,0.432001,0.880000,
1772861855.426481,22f39db134761b06742205d2,/score,200,183.2660,normal,0,1,1,0.994959,0.880000,
1772861855.486256,cc959b7ae3dfedb558cf3013,/predict,200,182.6546,normal,0,1,1,0.965754,0.880000,
1772861855.609500,f441552278386b81acb41d0a,/predict,200,183.8965,normal,0,1,1,0.997473,0.880000,
1772861855.609732,53981c8a951853c72639293f,/predict,200,183.8605,normal,0,1,1,0.964583,0.880000,
1772861855.609939,59b798f2470a8de0fb1d0cee,/predict,200,183.8374,normal,0,1,1,0.979232,0.880000,
1772861855.610365,0870cba7c5a46ab0d22900d3,/score,200,183.8737,normal,0,1,1,0.967220,0.880000,
1772861855.670912,8fd9392e7e144fe690b9ec2c,/predict,200,184.6360,normal,0,0,0,0.432001,0.880000,
1772861855.794011,26437f6fb6377189343c00fe,/detect_drift,200,184.4870,normal,0,0,0,0.432001,0.880000,
1772861855.794234,3d20ef45ffbb756ca8b220ff,/score,200,184.4900,normal,0,0,0,0.432001,0.880000,
1772861855.794434,e7e441bc1ddb64226ec00950,/score,200,184.4837,normal,0,1,1,0.980941,0.880000,
1772861855.794770,e1a17c482f11768f2decd2c5,/score,200,184.3893,normal,0,1,1,0.965352,0.880000,
1772861855.855477,a56fc8db4a3674e72fe12f2e,/score,200,184.5444,normal,0,0,0,0.432001,0.880000,
1772861855.978589,71bb97e3e6bc70d5c8bcaf92,/score,200,184.5562,normal,0,0,0,0.432001,0.880000,
1772861855.978800,f30afa5be6bbe29eefed12ef,/detect_drift,200,184.5535,normal,0,1,1,0.959191,0.880000,
1772861855.979003,43c89330300b65a3cdf82a17,/score,200,184.5595,normal,0,1,1,0.964004,0.880000,
1772861855.979365,64f143629574be5dc8d9e910,/score,200,184.5849,normal,0,0,0,0.432001,0.880000,
1772861856.040371,ea77380e53996ca1d55c5803,/predict,200,184.8766,normal,0,1,1,0.994400,0.880000,
1772861856.163948,68cef3215facf573f3ca3035,/predict,200,185.3400,normal,0,0,0,0.432001,0.880000,
1772861856.164176,93ad5750319138de3e9eebbd,/score,200,185.3663,normal,0,1,1,0.964937,0.880000,
1772861856.164390,5cfa99772af09f95441d9f8d,/detect_drift,200,185.3779,normal,0,1,1,0.984480,0.880000,
1772861856.164781,9b39c4549efb19423bb25f86,/predict,200,185.4057,normal,0,1,1,0.996882,0.880000,
1772861856.225666,344d16e14c2d9dc9bd172b13,/predict,200,185.2708,normal,0,0,0,0.432001,0.880000,
1772861856.348222,9f58ce3ca9e9e9aceeb57b40,/predict,200,184.2500,normal,0,0,0,0.432001,0.880000,
1772861856.348442,35273bac2cf59f02c6cc3abe,/score,200,184.2550,normal,0,0,0,0.432001,0.880000,
1772861856.348641,b4f97aa804ad3ccbd72bd1fd,/score,200,184.2403,normal,0,0,0,0.432001,0.880000,
1772861856.348984,37024bce400d901d7330bc42,/score,200,184.1880,normal,0,0,0,0.432001,0.880000,
1772861856.409122,f334ecce1e9cdb55854da876,/predict,200,183.4362,normal,0,0,0,0.432001,0.880000,
1772861856.530857,26e6b1a8835b8d1b1db52e2f,/predict,200,182.6112,normal,0,1,1,0.981041,0.880000,
1772861856.531077,b9bfbf022d5b36598e77871e,/score,200,182.6240,normal,0,0,0,0.432001,0.880000,
1772861856.531281,519dd0b6c2357ea101fc0fab,/score,200,182.6305,normal,0,1,1,0.993233,0.880000,
1772861856.531626,e07ff67a1f403ecc4719ced4,/detect_drift,200,182.6325,normal,0,1,1,0.995866,0.880000,
1772861856.592365,1c1a117747af9714bc37dcde,/detect_drift,200,183.2195,normal,0,0,0,0.432001,0.880000,
1772861856.714808,934fd89a425e5b82fde05be0,/detect_drift,200,183.9282,normal,0,0,0,0.432001,0.880000,
1772861856.715053,473c0be6238aa6bca95b33bd,/score,200,183.9649,normal,0,0,0,0.432001,0.880000,
1772861856.715273,2c0cfec13c02737129dd825a,/detect_drift,200,183.9821,normal,0,1,1,0.972947,0.880000,
1772861856.715655,0ed455050b81d5b4083a73e1,/score,200,184.0195,normal,0,1,1,0.970424,0.880000,
1772861856.775396,7bcf716ed5ae28bc5874acd3,/score,200,183.0110,normal,0,0,0,0.432001,0.880000,
1772861856.897760,193ca595e97338c623661899,/score,200,182.9257,normal,0,0,0,0.432001,0.880000,
1772861856.897988,8cd4b39b2d9c416a09ddda01,/score,200,182.9230,normal,0,1,1,0.964880,0.880000,
1772861856.898235,8d129e037c548bbc188b19c5,/score,200,182.9519,normal,0,0,0,0.432001,0.880000,
1772861856.898627,44304cab8f8530d892ce9e46,/predict,200,182.9570,normal,0,0,0,0.432001,0.880000,
1772861856.958076,25d7e2db1a647172bd45ee29,/score,200,182.6602,normal,0,0,0,0.432001,0.880000,
1772861857.079556,6268d86f0e114da99753b53f,/score,200,181.7705,normal,0,1,1,0.963891,0.880000,
1772861857.079785,927d73ab8e03f3aaf03cc063,/detect_drift,200,181.7867,normal,0,0,0,0.432001,0.880000,
1772861857.079989,990de127a76995581dbb4993,/score,200,181.7387,normal,0,0,0,0.432001,0.880000,
1772861857.080333,14a0f1ce3895257e67557bd4,/predict,200,181.6956,normal,0,1,1,0.992479,0.880000,
1772861857.140384,4ec44ea18118cf49aeba8f98,/score,200,182.2867,normal,0,1,1,0.977062,0.880000,
1772861857.261200,132be102ba36196ac547abd6,/detect_drift,200,181.6176,normal,0,0,0,0.432001,0.880000,
1772861857.261434,35104b5b4acc5a8cee1dd8f5,/detect_drift,200,181.6382,normal,0,0,0,0.432001,0.880000,
1772861857.261646,c542a2eb50692dd191a85936,/detect_drift,200,181.6475,normal,0,0,0,0.432001,0.880000,
1772861857.261989,43c1ad89b95f32f107bd99c3,/score,200,181.6461,normal,0,0,0,0.432001,0.880000,
1772861857.321171,c494cf70e013325986cb0863,/detect_drift,200,180.7629,normal,0,0,0,0.432001,0.880000,
1772861857.441425,886b6d21cd9ae0b4776e888b,/score,200,180.1985,normal,0,0,0,0.432001,0.880000,
1772861857.442155,cd356c9f786cf3e334774506,/predict,200,180.7079,normal,0,0,0,0.432001,0.880000,
1772861857.442379,5b27803a4375ec181e7ea54a,/predict,200,180.7235,normal,0,0,0,0.432001,0.880000,
1772861857.442599,7ff2d3f0f66f1eb96fe07d59,/detect_drift,200,180.5997,normal,0,1,1,0.965887,0.880000,
1772861857.501921,ce89729b089e1a2c0bd1fd86,/predict,200,180.7301,normal,0,1,1,0.985873,0.880000,
1772861857.624416,76cee89d49836aef549bee4b,/score,200,182.9665,normal,0,1,1,0.993258,0.880000,
1772861857.624633,5f6ff42c4d2fbde8efb30c29,/predict,200,182.4641,normal,0,1,1,0.994650,0.880000,
1772861857.624837,8f8c91f8201e111297ebd0b5,/detect_drift,200,182.4476,normal,0,1,1,0.993909,0.880000,
1772861857.625167,79655603135010c31871a4d5,/predict,200,182.5579,normal,0,1,1,0.997046,0.880000,
1772861857.684618,1c55e9f2586afe67e221a349,/detect_drift,200,182.6770,normal,0,1,1,0.965103,0.880000,
1772861857.805183,2c4646a34c7807db319d53ba,/score,200,180.7461,normal,0,0,0,0.432001,0.880000,
1772861857.805392,f9b9a7fb9948709d987741d6,/predict,200,180.7484,normal,0,0,0,0.432001,0.880000,
1772861857.805591,27c2d842af934eec7e7ca4ea,/score,200,180.7451,normal,0,1,1,0.993752,0.880000,
1772861857.805941,82544a5db69fb247ef9b402d,/detect_drift,200,180.7655,normal,0,0,0,0.432001,0.880000,
1772861857.865219,3d5ade77088e4d446e3a3bb0,/detect_drift,200,180.5810,normal,0,0,0,0.432001,0.880000,
1772861857.986505,803c196ae74303ebba71e984,/predict,200,181.3022,normal,0,0,0,0.432001,0.880000,
1772861857.986712,15a0c0db630547c971cd9187,/score,200,181.3102,normal,0,0,0,0.432001,0.880000,
1772861857.986917,36bc4f665c7a0a8eb142a6d8,/predict,200,181.3170,normal,0,1,1,0.992857,0.880000,
1772861857.987253,d82c4f731b5864a02fb6381c,/score,200,181.3026,normal,0,0,0,0.432001,0.880000,
1772861858.047093,5a2f325cc2ed87d99ad23570,/score,200,181.8521,normal,0,0,0,0.432001,0.880000,
1772861858.168088,f14bc415af9cce5414b75699,/score,200,181.5608,normal,0,0,0,0.432001,0.880000,
1772861858.168320,f6a2f6803f3624b2510e9995,/predict,200,181.5974,normal,0,1,1,0.996820,0.880000,
1772861858.168531,5e17b531cd26cbd763cbaa8a,/detect_drift,200,181.6044,normal,0,0,0,0.432001,0.880000,
1772861858.168880,00e19614e71434c848fa3283,/score,200,181.6171,normal,0,0,0,0.432001,0.880000,
1772861858.227982,5bcaca3eae00b83a74e756c0,/score,200,180.8661,normal,0,0,0,0.432001,0.880000,
1772861858.349014,02236d8b51fe01cb2652d9be,/detect_drift,200,180.9003,normal,0,1,1,0.965440,0.880000,
1772861858.349240,713f8c34ecc96cd7a339a06f,/score,200,180.9082,normal,0,1,1,0.973558,0.880000,
1772861858.349449,2d8f50636da6a718b34f2b4b,/score,200,180.9077,normal,0,0,0,0.432001,0.880000,
1772861858.349804,7b9e89b33c255f896d8b676b,/predict,200,180.9147,normal,0,0,0,0.432001,0.880000,
1772861858.409155,e6550a3cc152f1e5919a6197,/score,200,181.1512,normal,0,1,1,0.977044,0.880000,
1772861858.529866,6036f0cc38ee7e3604eadca6,/score,200,180.8274,normal,0,0,0,0.432001,0.880000,
1772861858.530102,d96eb2c225a56dc32838317b,/score,200,180.8510,normal,0,1,1,0.995130,0.880000,
1772861858.530304,cd85a491a7aa80bccef2c5f4,/predict,200,180.8448,normal,0,0,0,0.432001,0.880000,
1772861858.530661,49a7f582d68301446372044c,/detect_drift,200,180.8472,normal,0,0,0,0.432001,0.880000,
1772861858.589905,2ccc42f7ce97fdfc0cf69f26,/detect_drift,200,180.7291,normal,0,0,0,0.432001,0.880000,
1772861858.710400,a44e524ee3c77b11b7fd1d6e,/score,200,180.5074,normal,0,1,1,0.996532,0.880000,
1772861858.710907,6d502d41e02a3e36b9bcc383,/score,200,180.7938,normal,0,0,0,0.432001,0.880000,
1772861858.711115,5780911dc486452d3903bae6,/score,200,180.8004,normal,0,0,0,0.432001,0.880000,
1772861858.711348,6286af59dd68e556b1d5b57a,/predict,200,180.6765,normal,0,0,0,0.432001,0.880000,
1772861858.770287,720d3a087bb7a9e364db75e8,/detect_drift,200,180.3616,normal,0,0,0,0.432001,0.880000,
1772861858.890057,516a79e813160d2811ae7f0a,/detect_drift,200,179.6349,normal,0,0,0,0.432001,0.880000,
1772861858.890294,ee16a72182079c528d29c2cf,/score,200,179.3761,normal,0,0,0,0.432001,0.880000,
1772861858.890495,0ab513c712a496b5410541ec,/detect_drift,200,179.3706,normal,0,0,0,0.432001,0.880000,
1772861858.890847,99a167aaeeabff80908c316d,/predict,200,179.4904,normal,0,0,0,0.432001,0.880000,
1772861858.949563,fdc7337434236bc55e19e581,/score,200,179.2527,normal,0,0,0,0.432001,0.880000,
1772861859.069463,17a17ec0c8d1479c9731bcc2,/predict,200,179.3780,normal,0,1,1,0.990770,0.880000,
1772861859.069689,a33dae176d7de2c10d2db10f,/score,200,179.3834,normal,0,0,0,0.432001,0.880000,
1772861859.069882,06d92348bfcf16435331cb90,/score,200,179.3773,normal,0,1,1,0.963808,0.880000,
1772861859.070213,2c6c96fed413470c604a6290,/predict,200,179.3560,normal,0,1,1,0.965594,0.880000,
1772861859.129128,048c654923c52a0f71b64b52,/detect_drift,200,179.5471,normal,0,0,0,0.432001,0.880000,
1772861859.250029,a47b5ede8761d0913c71706f,/score,200,180.5423,normal,0,1,1,0.964201,0.880000,
1772861859.250260,a96bc8ff1e4e63d3277d7e59,/score,200,180.5611,normal,0,0,0,0.432001,0.880000,
1772861859.250469,15cca80a512356b7300ca0d3,/predict,200,180.5775,normal,0,0,0,0.432001,0.880000,
1772861859.250820,f3b5333347076be1482a5a3a,/score,200,180.5973,normal,0,1,1,0.966106,0.880000,
1772861859.309195,d178699b36320074442a92cd,/score,200,180.0470,normal,0,0,0,0.432001,0.880000,
1772861859.428510,dce298d7a7a92fd1295c0a1b,/detect_drift,200,178.4536,normal,0,0,0,0.432001,0.880000,
1772861859.428745,5987d5ba3e3c63eff4a3852c,/score,200,178.4737,normal,0,0,0,0.432001,0.880000,
1772861859.428958,f5dd326389291a0cb6dd5008,/score,200,178.4794,normal,0,1,1,0.995472,0.880000,
1772861859.429300,54656cd6adb4d2880e1af55a,/score,200,178.4696,normal,0,0,0,0.432001,0.880000,
1772861859.487332,b6268a2e25b5f908f4dd5032,/predict,200,178.1172,normal,0,0,0,0.432001,0.880000,
1772861859.604960,175e9cbaaf4187e05b2bc3a8,/detect_drift,200,176.4257,normal,0,0,0,0.432001,0.880000,
1772861859.605652,06accf9daa18bbfdd9b7aa67,/predict,200,176.8945,normal,0,0,0,0.432001,0.880000,
1772861859.605864,23256c4acc454cfe217da422,/score,200,176.8954,normal,0,0,0,0.432001,0.880000,
1772861859.606090,0e9aae616c174d69cea771cc,/detect_drift,200,176.7801,normal,0,0,0,0.432001,0.880000,
1772861859.663587,c659f9c36414eb7d8aa54c19,/predict,200,176.2347,normal,0,0,0,0.432001,0.880000,
1772861859.781049,9161c327f6c8b6a48de14e4f,/score,200,176.0672,normal,0,1,1,0.965037,0.880000,
1772861859.781277,56da56485a2346d4b9ddcc81,/score,200,175.6142,normal,0,0,0,0.432001,0.880000,
1772861859.781483,2bdf25a2819c35870e751640,/detect_drift,200,175.6081,normal,0,0,0,0.432001,0.880000,
1772861859.781833,a0f42291c9b63fbacf4438d0,/score,200,175.7330,normal,0,0,0,0.432001,0.880000,
1772861859.840404,6caf940b63696fb9a0225fb6,/detect_drift,200,176.7968,normal,0,0,0,0.432001,0.880000,
1772861859.958438,37a20ab604ca9b36c130a5ac,/score,200,177.3629,normal,0,0,0,0.432001,0.880000,
1772861859.958675,b3b8e8914f91f96cb011de10,/score,200,177.3863,normal,0,1,1,0.996344,0.880000,
1772861859.958882,17a84ff4dc53bc52ce77e9e5,/detect_drift,200,177.3888,normal,0,1,1,0.963352,0.880000,
1772861859.959234,e394de612f2811783a91d527,/score,200,177.3919,normal,0,0,0,0.432001,0.880000,
1772861860.016922,56b208518141bd0f80ea208e,/score,200,176.4938,normal,0,0,0,0.432001,0.880000,
1772861860.133277,8ac811972870c9383f88f2ec,/predict,200,174.8156,normal,0,0,0,0.432001,0.880000,
1772861860.133504,bc200fd4974111016baa6b53,/score,200,174.8170,normal,0,0,0,0.432001,0.880000,
1772861860.133697,99e7a525d40721face153639,/predict,200,174.8054,normal,0,0,0,0.432001,0.880000,
1772861860.134192,b3dd773798de142256e0dd4d,/score,200,174.9475,normal,0,0,0,0.432001,0.880000,
1772861860.191519,c1943c294f18170a16815f32,/score,200,174.5726,normal,0,1,1,0.996344,0.880000,
1772861860.309176,d8c52a2b16226e7f38a67758,/predict,200,175.8729,normal,0,1,1,0.978533,0.880000,
1772861860.309404,ce01f29a2502305e2e3c028c,/predict,200,175.8905,normal,0,0,0,0.432001,0.880000,
1772861860.309614,61e36225065482cae3c1b91e,/score,200,175.9072,normal,0,0,0,0.432001,0.880000,
1772861860.309965,2e39ce475cac00ab9ac192e1,/detect_drift,200,175.7637,normal,0,1,1,0.995392,0.880000,
1772861860.367868,a5d26bda688cb051c0d19436,/detect_drift,200,176.3236,normal,0,0,0,0.432001,0.880000,
1772861860.485548,653d62291ff3ce05d315d166,/score,200,176.3454,normal,0,1,1,0.963635,0.880000,
1772861860.485772,fbe6c2073995bc0a2749b03e,/score,200,176.3561,normal,0,1,1,0.979363,0.880000,
1772861860.485983,b6acc09872b690ac47ac56ea,/predict,200,176.3600,normal,0,0,0,0.432001,0.880000,
1772861860.486330,c9e162ba827d3ee440b13fad,/detect_drift,200,176.3552,normal,0,1,1,0.980166,0.880000,
1772861860.544046,a2b7220bda7900dbdb86edf5,/detect_drift,200,176.1449,normal,0,1,1,0.963808,0.880000,
1772861860.660843,0d7de9263f0b23d24c1a3fd0,/predict,200,175.2694,normal,0,1,1,0.992681,0.880000,
1772861860.661099,9dea499d88d2f77cefd0e2d4,/detect_drift,200,175.3163,normal,0,0,0,0.432001,0.880000,
1772861860.661322,dd0d55d37fd0a2c7335316a4,/score,200,175.3280,normal,0,1,1,0.978418,0.880000,
1772861860.661699,ae4fef1ef12b34c2705982cc,/score,200,175.3579,normal,0,0,0,0.432001,0.880000,
1772861860.718840,e54b110d4dac3bf3b3bc4005,/detect_drift,200,174.7697,normal,0,0,0,0.432001,0.880000,
1772861860.835779,6b13ce4c69ff9d3dce305675,/predict,200,174.9096,normal,0,0,0,0.432001,0.880000,
1772861860.836003,fc57cac277a872c533795e45,/detect_drift,200,174.8919,normal,0,0,0,0.432001,0.880000,
1772861860.836216,a9aa5b57385919562346272c,/predict,200,174.8841,normal,0,0,0,0.432001,0.880000,
1772861860.836561,23127f3bb1841654f0081d3c,/score,200,174.8514,normal,0,1,1,0.965754,0.880000,
1772861860.893559,5c1d9e0a6ce201a80061bf3c,/predict,200,174.6949,normal,0,0,0,0.432001,0.880000,
1772861861.009615,b61630081f36f7b52719535f,/predict,200,173.8120,normal,0,0,0,0.432001,0.880000,
1772861861.009830,484bd7689355ada1f26ff400,/predict,200,173.8165,normal,0,0,0,0.432001,0.880000,
1772861861.010017,a154b500f519551c6dcd06b8,/score,200,173.7908,normal,0,1,1,0.964201,0.880000,
1772861861.010370,e46186a3133d49135baa473a,/predict,200,173.7987,normal,0,1,1,0.965102,0.880000,
1772861861.067079,22601c71063f98d7b3e6596f,/score,200,173.5013,normal,0,0,0,0.432001,0.880000,
1772861861.183027,dc280768c289269a11992d1e,/predict,200,173.3904,normal,0,1,1,0.993386,0.880000,
1772861861.183245,96bee4966b8e73ac11dfd08e,/score,200,173.4049,normal,0,0,0,0.432001,0.880000,
1772861861.183441,a1612a6cc132169e189e0a47,/predict,200,173.4140,normal,0,0,0,0.432001,0.880000,
1772861861.183794,87659c30f9933389a020dbf9,/predict,200,173.4146,normal,0,0,0,0.432001,0.880000,
1772861861.240785,a5d1508204f31933b551fcc2,/detect_drift,200,173.6877,normal,0,1,1,0.991211,0.880000,
1772861861.356939,d1fc17aa1d0663f72934c2c7,/score,200,173.8906,normal,0,0,0,0.432001,0.880000,
1772861861.357157,a9d1db2c8b54c71e7aa112a1,/predict,200,173.9025,normal,0,1,1,0.981585,0.880000,
1772861861.357413,ae39dba6d6005bd7deff30d9,/score,200,173.9620,normal,0,1,1,0.981241,0.880000,
1772861861.357835,31c5f2a2996cee76c4c276ac,/score,200,174.0318,normal,0,0,0,0.432001,0.880000,
1772861861.415107,245df9d6146b2b90bcb7fcab,/score,200,174.3038,normal,0,1,1,0.960782,0.880000,
1772861861.530652,942892225bef5b9210bb5558,/score,200,173.6917,normal,0,0,0,0.432001,0.880000,
1772861861.530867,a37cdb9819c1f8119d133e7d,/score,200,173.6990,normal,0,1,1,0.994499,0.880000,
1772861861.531064,69c5e994220aee6263f23909,/predict,200,173.6324,normal,0,1,1,0.993684,0.880000,
1772861861.531411,f6254ca538e407047a8bdbd3,/score,200,173.5627,normal,0,0,0,0.432001,0.880000,
1772861861.589138,7e483cf66d1939c2556bce50,/predict,200,174.0064,normal,0,1,1,0.962903,0.880000,
1772861861.706516,491b8b1a57384efec6a24ab9,/predict,200,175.8433,normal,0,1,1,0.989360,0.880000,
1772861861.706718,b902580aa64cef87cfa54e6e,/predict,200,175.8409,normal,0,0,0,0.432001,0.880000,
1772861861.706896,1a97dd5eb5418dbb74ac7223,/predict,200,175.8217,normal,0,1,1,0.996633,0.880000,
1772861861.707220,eb849a6675b482c01c2d5201,/detect_drift,200,175.7995,normal,0,0,0,0.432001,0.880000,
1772861861.764522,547637d2cd9918c404d51a66,/score,200,175.3608,normal,0,0,0,0.432001,0.880000,
1772861861.880648,38e53b08da87629793090a10,/score,200,174.1068,normal,0,0,0,0.432001,0.880000,
1772861861.880898,4c716dead7aead6d42c382d8,/detect_drift,200,174.1689,normal,0,0,0,0.432001,0.880000,
1772861861.881084,0e6409d01b4b3689a710b74c,/score,200,174.1787,normal,0,0,0,0.432001,0.880000,
1772861861.881452,bde990a79523f76a96d1db82,/score,200,174.2222,normal,0,0,0,0.432001,0.880000,
1772861861.938413,b4d8061b72b3f139f94d93e3,/score,200,173.8680,normal,0,1,1,0.996095,0.880000,
1772861862.061095,933d33e8a48c17838ca3a476,/score,200,180.4166,normal,0,0,0,0.432001,0.880000,
1772861862.061324,45d427f54766e45d8170f496,/detect_drift,200,180.4141,normal,0,1,1,0.998243,0.880000,
1772861862.061534,bde37e99b50937989e07d1a4,/score,200,180.4395,normal,0,0,0,0.432001,0.880000,
1772861862.061881,8931db8af8e5c4c2d9a58778,/score,200,180.4190,normal,0,1,1,0.963775,0.880000,
1772861862.119400,ce9a8e4c2f2104adb05218ee,/predict,200,180.9660,normal,0,1,1,0.992189,0.880000,
1772861862.237073,09fbd9fdc175e8785bab43de,/score,200,175.9527,normal,0,1,1,0.993474,0.880000,
1772861862.237314,cd8601deb041b6ba2d534eb0,/predict,200,175.9779,normal,0,1,1,0.963577,0.880000,
1772861862.237527,e6a09bafe2ca350576c0d5b3,/score,200,175.9835,normal,0,1,1,0.962919,0.880000,
1772861862.237873,47b52a4b3799595e8688fa27,/predict,200,175.9810,normal,0,0,0,0.432001,0.880000,
1772861862.296324,62fd884a4073cd8da49346d3,/detect_drift,200,176.9034,normal,0,1,1,0.959279,0.880000,
1772861862.415603,70fef5e315c13a1d24e77c8d,/detect_drift,200,178.5040,normal,0,0,0,0.432001,0.880000,
1772861862.415827,c23c5a8f59e1b2a1fe5ef227,/score,200,178.5012,normal,0,1,1,0.959434,0.880000,
1772861862.416035,ccb86db8d6b849f92d01e64c,/score,200,178.4972,normal,0,1,1,0.966237,0.880000,
1772861862.416370,f51367b1e2a8d752214c6a23,/predict,200,178.4872,normal,0,1,1,0.994988,0.880000,
1772861862.474057,f7859bddaaf29e89d08cbd39,/score,200,177.7102,normal,0,0,0,0.432001,0.880000,
1772861862.592719,802a863f26d753950fb259d4,/score,200,177.0917,normal,0,1,1,0.965460,0.880000,
1772861862.592933,d5c4f3bf0c3f4e24bc52cb2c,/predict,200,177.0946,normal,0,1,1,0.994130,0.880000,
1772861862.593267,b6f2e444a9f434390b5d6262,/predict,200,177.2225,normal,0,1,1,0.992227,0.880000,
1772861862.593600,92505064b5b4443e4a9ce4f3,/score,200,177.2204,normal,0,0,0,0.432001,0.880000,
1772861862.652016,05ff7b495bf72e361d0d5f97,/score,200,177.9389,normal,0,0,0,0.432001,0.880000,
1772861862.771031,65897f1d8814cf92a190d612,/predict,200,178.2906,normal,0,0,0,0.432001,0.880000,
1772861862.771258,b98f4c0fb782a6df9bded89f,/score,200,178.3147,normal,0,0,0,0.432001,0.880000,
1772861862.771458,956bbd82779536c959e31117,/score,200,178.1807,normal,0,1,1,0.993770,0.880000,
1772861862.771807,d44bee44fc0c83fe6dae718f,/score,200,178.1967,normal,0,1,1,0.966573,0.880000,
1772861862.830902,210696bab1d33227c910faa5,/detect_drift,200,178.8624,normal,0,1,1,0.964887,0.880000,
1772861862.949240,e00260254e94cf8042214494,/predict,200,178.1854,normal,0,0,0,0.432001,0.880000,
1772861862.949476,212b173e6449064b086a97ac,/score,200,178.2072,normal,0,0,0,0.432001,0.880000,
1772861862.949667,5f238a76f845a3767dcc50d8,/score,200,178.1994,normal,0,1,1,0.971974,0.880000,
1772861862.949890,a6001f8e02eae92a8be4a2c7,/score,200,178.0715,normal,0,0,0,0.432001,0.880000,
1772861863.008484,cb8d44609ceca473deeba0dc,/predict,200,177.5596,normal,0,0,0,0.432001,0.880000,
1772861863.128375,98dc5c8a2c2d5501f01583e8,/score,200,179.1051,normal,0,0,0,0.432001,0.880000,
1772861863.128450,bcf94d9a23863bed8286a34c,/detect_drift,200,178.9630,normal,0,0,0,0.432001,0.880000,
1772861863.128536,1668457ae317b3b52f3744e6,/score,200,178.8581,normal,0,1,1,0.990811,0.880000,
1772861863.128746,16abd7393aeb0db24e40eb66,/score,200,178.8462,normal,0,1,1,0.979901,0.880000,
1772861863.187004,eef2f81d39b7e4b9b046bfc3,/score,200,178.4995,normal,0,0,0,0.432001,0.880000,
